timestamp,elapsed,CC,RC,SC,CC_avg,RC_avg,SC_avg,ΔCC,ΔRC,ΔSC
1768812293.9446585,1.9655492305755615,8.157280826237391,91.84271917376269,82.65844725840371,,,,,,
1768812295.5046263,3.525516986846924,14.075501890953591,85.92449810904647,77.33204830016452,,,,,,
1768812297.0611591,5.08104944229126,14.352500436950681,85.64749956304942,77.0827496087674,,,,,,
1768812298.6311653,6.652055978775024,8.3650585464398,91.63494145356016,82.47144731022175,,,,,,
1768812300.1890998,8.209990501403809,8.239356743948813,91.76064325605131,82.58457893246351,,,,,,
1768812301.7501304,9.771021127700806,7.418291717930781,92.58170828206919,83.32353745587899,,,,,,
1768812303.2864745,11.30736517906189,13.885476519464028,86.11452348053598,77.50307113450495,,,,,,
1768812304.8327758,12.853666543960571,7.987458162816127,92.01254183718402,82.8112876554827,,,,,,
1768812306.3764818,14.397372484207153,8.448766255924932,91.55123374407495,82.3961103716852,,,,,,
1768812307.9354572,15.956347942352295,8.338098534930376,91.6619014650696,82.49571132058018,,,,,,
1768812309.5031831,17.524073839187622,14.279261561029303,85.72073843897063,77.14866459709657,,,,,,
1768812311.0645497,19.085440397262573,1.8867958355102408,98.11320416448984,88.30188375005247,,,,,,
1768812312.6082509,20.629141569137573,7.718337337020058,92.28166266297994,83.05349639869891,,,,,,
1768812314.1492388,22.169129371643066,7.668780267627219,92.33121973237277,83.09809776115245,,,,,,
1768812315.7093492,23.730239868164062,13.816892068982622,86.1831079310173,77.56479713993816,,,,,,
1768812317.2496846,25.269574403762817,8.092635167717509,91.90736483228252,82.71662835107155,,,,,,
1768812318.803157,26.824047803878784,8.170902284649468,91.8290977153506,82.64618794583286,,,,,,
1768812320.387543,28.40843367576599,8.231537486214284,91.76846251378568,82.59161626442459,,,,,,
1768812321.941451,29.962341785430908,8.23262031439561,91.76737968560448,82.5906417190614,,,,,,
1768812323.5724595,31.593350172042847,8.276486835099004,91.72351316490095,82.55116185042837,,,,,,
1768812325.2695243,33.29041504859924,8.143803205622863,91.85619679437704,82.67057711695678,,,,,,
1768812326.8618984,34.88278913497925,8.308716577160865,91.69128342283912,82.52215508257274,,,,,,
1768812328.4184916,36.43938231468201,2.900779050708362,97.0992209492916,87.38929885637508,,,,,,
1768812332.7767444,40.797635078430176,14.582695113465212,85.41730488653494,76.87557439990452,,,,,,
1768812336.9667664,44.98765707015991,8.496354323662677,91.50364567633744,82.35328111072128,,,,,,
1768812340.7728755,48.79276633262634,8.579900643518833,91.42009935648107,82.27808942285081,,,,,,
1768812344.8692367,52.890127420425415,14.944832415432428,85.05516758456768,76.54965082813436,,,,,,
1768812348.4155126,56.43640327453613,8.419485015268439,91.58051498473156,82.42246348827601,,,,,,
1768812352.6965592,60.71744990348816,2.3148146048038454,97.68518539519609,87.91666685768861,,,,,,
1768812356.7764993,64.79738998413086,15.077439039881638,84.92256096011839,76.43030486613019,,,,,,
1768812361.0458188,69.06571316719055,8.787334569680441,91.21266543031967,82.09139888930555,,,,,,
1768812365.238255,73.25813817977905,8.679646229168972,91.32035377083099,82.18831839576576,,,,,,
1768812369.2472675,77.26815819740295,8.703819992725448,91.29618000727464,82.16656200856495,,,,,,
1768812373.44703,81.46792078018188,15.307538120360086,84.69246187963994,76.2232156936998,,,,,,
1768812377.5616484,85.58253908157349,8.777115288750998,91.22288471124907,82.10059624214203,,,,,,
1768812381.7566574,89.77754807472229,8.786616752300313,91.21338324769977,82.09204492494766,,,,,,
1768812385.7504663,93.77135705947876,15.558830432668113,84.441169567332,75.9970526126228,,,,,,
1768812389.7227268,97.74261736869812,21.404169776645283,78.59583022335475,70.73624720304868,,,,,,
1768812393.9554112,101.97630190849304,15.25612362306161,84.74387637693832,76.26948874126836,,,,,,
1768812398.0832577,106.10314798355103,8.973405203182958,91.02659479681712,81.92393531915346,,,,,,
1768812402.2592566,110.27914834022522,9.082430474670746,90.91756952532927,81.82581257481453,,,,,,
1768812406.5442328,114.56512355804443,9.067773783223567,90.93222621677646,81.83900359711697,,,,,,
1768812410.7535424,118.77443313598633,9.024680723957369,90.97531927604261,81.87778735045652,,,,,,
1768812414.9818356,123.00172567367554,21.698348659393247,78.3016513406067,70.47148620857577,,,,,,
1768812419.042544,127.06343460083008,15.906440413438414,84.09355958656161,75.68420362992984,,,,,,
1768812423.00049,131.02038025856018,22.075229699944106,77.92477030005585,70.13229327208035,,,,,,
1768812427.2746146,135.29550528526306,15.786789257750755,84.21321074224915,75.79188967004863,,,,,,
1768812431.6423242,139.6622154712677,15.9174844134183,84.08251558658164,75.67426402994796,,,,,,
1768812435.8547468,143.87563753128052,9.592817835978172,90.40718216402182,81.36646394963833,,,,,,
1768812440.1385908,148.15948152542114,15.730135933680597,84.26986406631943,75.84287766171173,,,,,,
1768812441.78773,149.80862069129944,15.741744893537541,84.25825510646257,75.83242959784047,,,,,,
1768812443.3537426,151.37463331222534,16.346112508684804,83.65388749131526,75.2884987442085,,,,,,
1768812444.9609282,152.98181891441345,22.667924310963638,77.33207568903629,69.59886812216331,,,,,,
1768812446.5861387,154.6070294380188,22.200899156805658,77.79910084319434,70.01919076090506,,,,,,
1768812448.1504827,156.17137336730957,16.05153798319491,83.9484620168051,75.55361581714914,,,,,,
1768812449.7155957,157.73648643493652,16.7974432170053,83.20255678299469,74.88230110672046,11.814505237501944,88.18549476249808,79.36694528826894,1.713173543758435,-1.713173543758458,-1.5418561893810505
1768812451.2455676,159.26645827293396,22.74473994420508,77.25526005579488,69.52973405224608,11.991690505996768,88.00830949400324,79.20747854662378,1.8903588122532593,-1.8903588122532966,-1.701322931026212
1768812452.7775762,160.79846692085266,16.597199178055156,83.40280082194481,75.06252074177542,12.163885326301546,87.83611467369845,79.05250320834962,2.0625536325580374,-2.0625536325580924,-1.8562982693003676
1768812454.3286564,162.34954714775085,28.29673365108912,71.70326634891101,64.53293971605552,12.560844674204832,87.43915532579518,78.69523979523701,2.459512980461323,-2.459512980461355,-2.2135616824129727
1768812455.8627734,163.88366413116455,23.247289774853467,76.75271022514646,69.077439204663,12.85902849900329,87.1409715009967,78.42687435291869,2.7576968052597817,-2.7576968052598403,-2.4819271247312997
1768812457.3947968,165.41568756103516,22.537132462750208,77.46286753724986,69.71658078555528,13.024185917037713,86.9758140829623,78.27823267668786,2.9228542232942036,-2.9228542232942374,-2.6305688009621235
1768812458.9368427,166.95773339271545,22.188159203266647,77.81184079673338,70.03065671909017,13.430213184392837,86.56978681560717,77.91280813606862,3.3288814906493283,-3.3288814906493656,-2.995993341581368
1768812460.477896,168.49878668785095,22.757240453117454,77.24275954688268,69.51848359422496,13.730991246714789,86.26900875328522,77.64210787997914,3.6296595529712796,-3.6296595529713187,-3.2666935976708515
1768812462.0198975,170.04078817367554,22.823833458405026,77.17616654159505,69.4585498894662,14.034092310530344,85.96590768946967,77.36931692254542,3.932760616786835,-3.932760616786865,-3.539484555104565
1768812466.4086,174.42949080467224,22.89810126453445,77.10189873546565,69.39170886394979,14.21571649444138,85.78428350555865,77.20585515702564,4.114384800697872,-4.114384800697891,-3.702946320624349
1768812470.579954,178.599844455719,23.089418162854646,76.91058183714547,69.2195236554618,14.515652154344124,85.4843478456559,76.93591306311345,4.4143204606006154,-4.414320460600635,-3.9728884145365413
1768812474.867556,182.8874478340149,22.99243279481497,77.00756720518503,69.30681048669742,14.812082764547432,85.18791723545259,76.66912551393074,4.710751070803923,-4.710751070803951,-4.23967596371925
1768812479.290965,187.31185579299927,22.928739925991167,77.07126007400885,69.36413406863878,15.106026813342972,84.89397318665706,76.40457587001502,5.004695119599463,-5.004695119599475,-4.5042256076349645
1768812483.618117,191.63900780677795,23.018132555485007,76.98186744451507,69.2836807020944,15.401737058164755,84.59826294183526,76.13843664967568,5.3004053644212465,-5.30040536442128,-4.770364827974305
1768812488.031342,196.05223274230957,23.069658720965062,76.93034127903508,69.23730715316239,15.697600495882082,84.30239950411794,75.87215955573036,5.596268802138573,-5.596268802138596,-5.036641921919625
1768812492.3862286,200.40611934661865,23.0027906697779,76.9972093302221,69.29748839923077,15.994780245165181,84.00521975483485,75.60469778137585,5.893448551421672,-5.8934485514216846,-5.30410369627414
1768812496.6088965,204.62978720664978,23.05266759089719,76.94733240910294,69.25259917022348,16.28965926543991,83.71034073456012,75.33930666312887,6.1883275716964,-6.188327571696419,-5.569494814521121
1768812501.0354848,209.0553743839264,23.418510020177425,76.58148997982258,68.9233409838716,16.70001388482929,83.29998611517074,74.96998750567879,6.59868219108578,-6.5986821910858,-5.9388139719712
1768812505.3079746,213.3288652896881,23.309343758862344,76.69065624113766,69.02159061905506,16.874546857737233,83.1254531422628,74.81290783006182,6.773215163993724,-6.77321516399374,-6.09589364758817
1768812509.568324,217.58821511268616,23.208179656185568,76.79182034381455,69.11263831146408,17.168783364387693,82.83121663561235,74.54809497407666,7.067451670644184,-7.067451670644189,-6.360706503573326
1768812514.0128698,222.03276085853577,23.3510291783783,76.64897082162169,68.98407374149073,17.46420593508488,82.53579406491515,74.28221466044945,7.3628742413413715,-7.3628742413413875,-6.626586817200533
1768812518.214074,226.23496460914612,23.650996398699288,76.34900360130067,68.71410324320212,17.638329214750215,82.36167078524981,74.12550370875081,7.536997521006706,-7.536997521006725,-6.783297768899175
1768812522.3622305,230.38312125205994,23.459540182896106,76.54045981710384,68.88641383742481,17.93913031810277,82.06086968189726,73.85478271573379,7.837798624359261,-7.83779862435928,-7.054018761916197
1768812526.6193213,234.63921189308167,23.489880568180272,76.51011943181967,68.8591074906691,18.3626316373703,81.63736836262973,73.47363152839338,8.26129994362679,-8.26129994362681,-7.435169949256604
1768812530.8240297,238.8449203968048,23.942082938729992,76.05791706127006,68.45212535717476,18.539924515347266,81.46007548465275,73.31406793821428,8.438592821603757,-8.438592821603791,-7.594733539435708
1768812535.0883496,243.10824298858643,23.619733919420057,76.38026608058006,68.7422394745534,18.836572502342054,81.16342749765796,73.04708474991925,8.735240808598546,-8.735240808598576,-7.861716727730737
1768812539.5762553,247.5961458683014,23.67458670424187,76.3254132957581,68.69287196821382,19.13647131184351,80.8635286881565,72.7771758213682,9.035139618100002,-9.035139618100033,-8.131625656281784
1768812544.0538585,252.0747492313385,23.720722328652773,76.27927767134716,68.65134990624405,19.436809358562062,80.56319064143796,72.50687157932178,9.335477664818553,-9.335477664818583,-8.401929898328206
1768812548.3336651,256.3545558452606,17.578969906810652,82.42103009318927,74.17892708589635,19.482237994291072,80.51776200570895,72.46598580716572,9.380906300547563,-9.380906300547593,-8.442815670484265
1768812552.863233,260.88412380218506,23.758405563062194,76.24159443693773,68.6174349952756,19.781863799777298,80.21813620022272,72.19632258222839,9.68053210603379,-9.680532106033823,-8.712478895421597
1768812557.3255255,265.3464162349701,23.84809801996989,76.1519019800302,68.53671178405875,20.083093425130688,79.91690657486933,71.92521591941062,9.981761731387179,-9.98176173138721,-8.983585558239369
1768812561.9572403,269.977130651474,23.90386626334217,76.09613373665779,68.48652036502375,20.24999414174417,79.75000585825586,71.77500527445864,10.148662448000662,-10.148662448000678,-9.133796203191352
1768812566.467367,274.48825764656067,23.970195374470876,76.02980462552902,68.426824165008,20.301314653700683,79.69868534629933,71.72881681369782,10.199982959957174,-10.199982959957211,-9.179984663952169
1768812570.678587,278.6994776725769,23.911024127358242,76.08897587264173,68.4800782874093,20.474412663786612,79.52558733621339,71.57302860462065,10.373080970043103,-10.373080970043148,-9.335772873029342
1768812574.7166739,282.7375645637512,24.187811463452093,75.81218853654782,68.23096968492509,20.778700788991998,79.221299211008,71.29916929193608,10.677369095248489,-10.677369095248537,-9.609632185713906
1768812578.6231892,286.64307832717896,24.12101375107797,75.87898624892206,68.29108762606174,21.079472454520143,78.92052754547986,71.02847479296102,10.978140760776634,-10.978140760776682,-9.880326684688967
1768812582.907247,290.92813777923584,24.324860200248185,75.67513979975195,68.10762582180874,21.38461418286063,78.61538581713938,70.75384723745485,11.283282489117122,-11.283282489117155,-10.154954240195138
1768812587.1228268,295.1437175273895,31.252919981196413,68.74708001880373,61.87237201896167,21.82917896800541,78.1708210319946,70.35373893082496,11.727847274261903,-11.727847274261933,-10.555062546825027
1768812591.3881898,299.40807938575745,24.400292567862216,75.59970743213776,68.03973669095616,21.883217846174787,78.11678215382523,70.30510394047255,11.781886152431278,-11.781886152431312,-10.603697537177439
1768812595.6783435,303.69923424720764,24.299165777483083,75.70083422251695,68.1307508022973,22.051072353455684,77.94892764654432,70.1540348839199,11.949740659712175,-11.94974065971222,-10.754766593730082
1768812600.0081882,308.0290789604187,18.028195364267518,81.97180463573248,73.77462417418559,21.970131666742155,78.02986833325785,70.22688150196201,11.868799972998646,-11.868799972998687,-10.681919975687975
1768812601.807819,309.8277094364166,18.00404883199088,81.99595116800911,73.79635605323455,22.014476858226956,77.98552314177306,70.18697082962572,11.913145164483447,-11.913145164483481,-10.721830648024266
1768812603.4167533,311.43664383888245,24.485369477833473,75.5146305221665,67.96316747198212,22.18583455951526,77.81416544048474,70.03274889846641,12.084502865771752,-12.084502865771796,-10.876052579183579
1768812604.9707518,312.9916424751282,24.62189674017052,75.37810325982953,67.84029293587889,22.486416137599107,77.51358386240092,69.76222547819123,12.385084443855598,-12.385084443855618,-11.146575999458761
1768812606.5061228,314.52701354026794,24.706469139903458,75.29353086009654,67.76417777611934,22.665942801723563,77.33405719827645,69.60065148047937,12.564611107980054,-12.564611107980085,-11.308149997170617
1768812608.0934014,316.1142921447754,24.857520571537993,75.14247942846194,67.6282314876484,22.848258315283573,77.15174168471644,69.43656751827552,12.746926621540064,-12.746926621540098,-11.472233959374464
1768812609.620229,317.64012598991394,18.65050234253372,81.34949765746622,73.21454789374656,22.894346111960555,77.10565388803946,69.3950885012663,12.793014418217046,-12.793014418217084,-11.513712976383687
1768812611.3324873,319.35337805747986,18.318195268065633,81.68180473193446,73.51362426076754,22.80735153110259,77.19264846889742,69.47338362403838,12.706019837359081,-12.706019837359122,-11.435417853611611
1768812615.318983,323.3388681411743,24.85081469004103,75.14918530995895,67.63426678099566,22.8603498417673,77.13965015823271,69.4256851444402,12.75901814802379,-12.759018148023827,-11.483116333209793
1768812617.331045,325.3519356250763,24.82452574718958,75.17547425281046,67.65792682956193,23.03580959704719,76.96419040295282,69.26777136468846,12.934477903303682,-12.934477903303716,-11.64103011296153
1768812618.9196942,326.940584897995,18.728798988593518,81.2712010114065,73.14408091229282,23.07443671247896,76.92556328752106,69.2330069607999,12.97310501873545,-12.973105018735481,-11.67579451685009
1768812620.4700413,328.49093198776245,25.02792049364291,74.97207950635705,67.47487155775414,23.120100323467714,76.8798996765323,69.19190971091005,13.018768629724205,-13.018768629724235,-11.716891766739934
1768812622.015557,330.036447763443,18.585466818092556,81.41453318190759,73.27307986574357,23.15986567626846,76.84013432373156,69.15612089338943,13.058533982524951,-13.058533982524978,-11.75268058426056
1768812623.5378876,331.5587782859802,32.04761146485422,67.95238853514574,61.15714968367038,23.234883232543762,76.76511676745626,69.08860509274172,13.133551538800253,-13.133551538800276,-11.820196384908272
1768812625.0456839,333.06657457351685,25.188615859442145,74.81138414055788,67.33024572853496,23.273709754235536,76.72629024576449,69.05366122321917,13.172378060492028,-13.17237806049205,-11.855140254430822
1768812626.6182396,334.6381323337555,25.26866838587543,74.73133161412471,67.25819845474507,23.328340472698038,76.67165952730198,69.00449357660295,13.227008778954529,-13.227008778954556,-11.904307901047034
1768812628.1612463,336.1821370124817,25.35233545274616,74.64766454725398,67.18289809456148,23.39162399768763,76.6083760023124,68.94753840411238,13.290292303944122,-13.290292303944142,-11.961263073537609
1768812629.6809943,337.7018849849701,25.540871940641015,74.4591280593589,67.0132152554563,23.4472966274381,76.55270337256192,68.89743303733701,13.34596493369459,-13.345964933694617,-12.011368440312978
1768812631.202357,339.22324776649475,18.914746796081246,81.08525320391875,72.97672788555403,23.36911489419163,76.6308851058084,68.96779659725875,13.26778320044812,-13.267783200448136,-11.941004880391233
1768812632.7553554,340.7762460708618,18.950521275188574,81.04947872481152,72.94453085435748,23.29016329440471,76.70983670559532,69.03885303706693,13.188831600661201,-13.188831600661217,-11.869948440583059
1768812634.2884886,342.30937933921814,25.234664910246487,74.7653350897535,67.2888015828111,23.33306822935255,76.66693177064748,69.0002385956139,13.23173653560904,-13.231736535609059,-11.908562882036094
1768812635.8425612,343.86345195770264,25.40102363920369,74.59897636079639,67.13907872674976,23.381240046240322,76.6187599537597,68.95688396041496,13.279908352496813,-13.279908352496832,-11.951917517235032
1768812637.3752313,345.39612197875977,25.84288440631451,74.15711559368555,66.74140403635043,23.43952293584679,76.56047706415323,68.90442935976918,13.33819124210328,-13.338191242103306,-12.004372117880806
1768812638.91503,346.93592071533203,19.462337965281073,80.53766203471886,72.48389583327469,23.368407044042712,76.6315929559573,68.96843366239278,13.267075350299203,-13.267075350299237,-11.940367815257204
1768812640.4785635,348.49945425987244,19.32754753997817,80.67245246002187,72.60520721604718,23.293564820422976,76.70643517957704,69.03579166365049,13.192233126679467,-13.192233126679497,-11.873009813999502
1768812642.0159388,350.03682947158813,19.30849712802794,80.69150287197203,72.62235258680236,23.219678949587973,76.78032105041204,69.10228894740192,13.118347255844464,-13.118347255844498,-11.806512530248071
1768812646.334318,354.354208946228,19.382504441246375,80.61749555875357,72.55574600490586,23.146275686594954,76.85372431340507,69.16835188409556,13.044943992851445,-13.044943992851472,-11.74044959355443
1768812650.9366245,358.9575152397156,19.521921467624917,80.47807853237522,72.4302706811653,23.068343915543906,76.93165608445611,69.23849047804144,12.967012221800397,-12.967012221800431,-11.670310999608546
1768812655.38539,363.4062807559967,19.507878077436374,80.49212192256374,72.44290973233497,22.992314601915382,77.00768539808463,69.30691686030704,12.890982908171873,-12.890982908171907,-11.601884617342947
1768812659.8305748,367.8514654636383,19.607449703782354,80.39255029621765,72.35329526862368,22.920300002867325,77.07969999713269,69.37172999945022,12.818968309123816,-12.818968309123846,-11.537071478199763
1768812663.912078,371.9319677352905,19.63904080103671,80.36095919896322,72.32486328109478,22.846060235320493,77.15393976467952,69.4385457902423,12.744728541576984,-12.744728541577018,-11.470255687407686
1768812668.1413279,376.1612186431885,19.710191872563595,80.28980812743632,72.26082731672065,22.76724414479778,77.23275585520224,69.50948027171268,12.66591245105427,-12.665912451054297,-11.399321205937312
1768812672.2249827,380.2458734512329,19.751091395094047,80.24890860490586,72.22401774644328,22.693075169041734,77.30692483095828,69.57623234989305,12.591743475298225,-12.591743475298259,-11.33256912775694
1768812676.4116127,384.43250346183777,19.753668765685976,80.2463312343141,72.22169811291056,22.61835093299185,77.38164906700817,69.64348416233787,12.51701923924834,-12.51701923924837,-11.265317315312117
1768812680.5689406,388.58883142471313,19.832708743635358,80.16729125636476,72.15056213275618,22.536163449089955,77.46383655091006,69.7174528978495,12.434831755346446,-12.43483175534648,-11.19134857980049
1768812684.7979176,392.81781125068665,27.2375573834129,72.76244261658707,65.48619835696316,22.60851991836981,77.3914800816302,69.6523320754977,12.507188224626303,-12.507188224626333,-11.256469402152291
1768812688.7922444,396.8131351470947,27.278880480195216,72.72111951980489,65.4490075698591,22.68060579388888,77.31939420611113,69.5874547875306,12.579274100145371,-12.579274100145412,-11.321346690119384
1768812693.0535805,401.07447123527527,20.184944579132246,79.8150554208677,71.83354988080931,22.60989023889847,77.39010976110154,69.65109878702191,12.50855854515496,-12.508558545154997,-11.25770269062808
1768812697.1776688,405.1985595226288,20.159161408305525,79.84083859169445,71.85675473455333,22.66149406892837,77.33850593107165,69.60465533999505,12.560162375184861,-12.560162375184888,-11.30414613765494
1768812701.339402,409.35929226875305,20.104335198188735,79.89566480181126,71.9060983236584,22.5884126616309,77.41158733836912,69.67042860656271,12.487080967887392,-12.487080967887422,-11.238372871087279
1768812705.5493984,413.57028913497925,20.350819551791812,79.64918044820831,71.68426240541584,22.518467092267336,77.48153290773267,69.73337961898984,12.417135398523827,-12.417135398523868,-11.175421858660144
1768812709.7878916,417.80878233909607,20.472674533854732,79.5273254661453,71.57459292155932,22.44984325767759,77.55015674232243,69.79514107012055,12.34851156393408,-12.34851156393411,-11.113660407529437
1768812714.0246449,422.0455355644226,27.444392826637888,72.55560717336222,65.30004645806086,22.519327206720927,77.4806727932791,69.73260551598163,12.417995512977418,-12.417995512977441,-11.176195961668355
1768812718.2161553,426.2370460033417,20.80071699286168,79.19928300713832,71.27935470845337,22.457121064030993,77.54287893596901,69.7885910444025,12.355789370287484,-12.355789370287525,-11.120210433247493
1768812722.362891,430.38378167152405,28.056661835443624,71.94333816455654,64.74900435013626,22.53449807147083,77.4655019285292,69.71895173770672,12.43316637772732,-12.433166377727332,-11.18984973994327
1768812726.5706408,434.5905318260193,28.038004623397747,71.9619953766022,64.76579584097752,22.61283788891722,77.3871621110828,69.64844590200504,12.51150619517371,-12.511506195173737,-11.260355575644951
1768812730.6678963,438.68878698349,28.21899249451619,71.78100750548373,64.60290675697108,22.69072053480258,77.30927946519743,69.5783515207083,12.58938884105907,-12.589388841059105,-11.330449956941692
1768812734.942603,442.96250009536743,20.900905216681192,79.0990947833189,71.18918530701589,22.48368023951228,77.51631976048775,69.76468778646937,12.382348545768773,-12.382348545768792,-11.144113691180621
1768812739.0079093,447.02880001068115,28.381797841521923,71.618202158478,64.45638194466608,22.563310344985474,77.43668965501455,69.69302069154357,12.461978651241965,-12.461978651241992,-11.215780786106421
1768812741.1326168,449.15250754356384,20.951800497297274,79.04819950270276,71.14337955446146,22.49636303938176,77.50363696061827,69.75327326658685,12.39503134563825,-12.395031345638273,-11.155528211063142
1768812742.68375,450.70464062690735,20.98641603190403,79.01358396809592,71.11222557331541,22.555527452734488,77.44447254726552,69.70002529456944,12.454195758990979,-12.45419575899102,-11.208776183080545
1768812744.2822766,452.30316734313965,28.354626281379147,71.64537371862086,64.48083634879455,22.762539001722253,77.23746099827775,69.51371490048065,12.661207307978744,-12.661207307978785,-11.395086577169337
1768812745.8391585,453.8600492477417,21.401564115165677,78.59843588483443,70.73859229838033,22.700862894468898,77.29913710553112,69.56922339700861,12.599531200725389,-12.599531200725423,-11.339578080641374
1768812747.3987298,455.419620513916,21.265356475148103,78.73464352485192,70.86117917439601,22.633732089168447,77.36626791083158,69.62964112177896,12.532400395424938,-12.532400395424958,-11.279160355871028
1768812751.9097676,459.9296615123749,28.733618018564684,71.26638198143526,64.13974378532791,22.71427506674167,77.28572493325834,69.55715244196313,12.612943372998162,-12.612943372998203,-11.351649035686862
1768812756.3847065,464.40459632873535,28.685943163144316,71.31405683685576,64.18265115520622,22.7908435185738,77.20915648142622,69.48824083531429,12.689511824830292,-12.68951182483032,-11.420560642335701
1768812760.61071,468.6316006183624,21.57878409802056,78.42121590197956,70.5790943138111,22.84940915368354,77.15059084631648,69.43553176371557,12.74807745994003,-12.748077459940063,-11.473269713934414
1768812764.7033465,472.724237203598,28.826930154419777,71.1730698455803,64.05576286305842,23.059583851410622,76.9404161485894,69.2463745357614,12.958252157667113,-12.958252157667133,-11.662426941888583
1768812768.8260267,476.84691739082336,21.59194368474311,78.40805631525701,70.56725068576081,22.99440643130466,77.00559356869536,69.3050342138567,12.893074737561152,-12.893074737561179,-11.603767263793287
1768812772.983827,481.00471782684326,29.38337340321143,70.6166265967886,63.55496393914644,23.085583384425096,76.91441661557492,69.22297495604839,12.984251690681587,-12.984251690681617,-11.685826521601598
1768812777.1231463,485.142724275589,21.74139595292895,78.258604047071,70.4327436443937,23.145835323711808,76.85416467628822,69.16874821069041,13.044503629968299,-13.044503629968318,-11.740053266959578
1768812781.281487,489.30237770080566,37.97017462088806,62.029825379111905,55.826842843245366,23.404680406256706,76.59531959374331,68.93578763640022,13.303348712513197,-13.303348712513227,-11.973013841249767
1768812785.5218303,493.5427210330963,29.93294423223724,70.06705576776277,63.06035019302372,23.631629954539605,76.36837004546041,68.73153304294583,13.530298260796096,-13.53029826079613,-12.17726843470416
1768812789.6021266,497.6230173110962,29.615834021052276,70.38416597894769,63.345749383089895,23.582994405663566,76.41700559433644,68.77530503693421,13.481662711920057,-13.481662711920094,-12.133496440715774
1768812793.5964513,501.6163420677185,29.53176602510275,70.46823397489725,63.42141057944439,23.66985740897677,76.33014259102326,68.6971283339524,13.568525715233262,-13.568525715233278,-12.211673143697581
1768812797.7461622,505.76705288887024,29.932647637566852,70.06735236243307,63.06061712822708,23.763136994010605,76.23686300598942,68.61317670742204,13.661805300267096,-13.661805300267119,-12.295624770227946
1768812801.6883025,509.7091932296753,37.20746949413027,62.792530505869706,56.51327745732667,24.000239674838284,75.99976032516174,68.39978429467736,13.898907981094775,-13.898907981094794,-12.509017182972627
1768812805.8666208,513.8875114917755,37.521196742010225,62.47880325798983,56.23092293423501,24.239846170865672,75.76015382913435,68.18413844825292,14.138514477122163,-14.138514477122186,-12.724663029397064
1768812810.0955136,518.1154048442841,30.055864298740197,69.94413570125985,62.94972213317118,24.462668520918854,75.53733147908117,67.98359833320528,14.361336827175345,-14.361336827175364,-12.925203144444708
1768812814.3523047,522.3721919059753,30.132630549129335,69.86736945087057,62.880632507821026,24.68631070639767,75.31368929360235,67.78232036627455,14.584979012654161,-14.584979012654188,-13.12648111137544
1768812818.4909232,526.5118138790131,30.24718439820914,69.75281560179094,62.777534043649304,24.786561096156916,75.21343890384311,67.6920950154913,14.685229402413407,-14.685229402413427,-13.216706462158683
1768812822.6757944,530.6966850757599,30.41434075551829,69.58565924448182,62.62709332207122,24.88682743848321,75.11317256151682,67.60185530739773,14.7854957447397,-14.78549574473972,-13.30694617025226
1768812826.9280896,534.9489803314209,30.867759042101532,69.1322409578984,62.21901686414672,24.987324931198952,75.01267506880107,67.51140756395367,14.885993237455443,-14.885993237455466,-13.39739391369632
1768812831.0417142,539.0626049041748,30.669282904326398,69.33071709567368,62.39764538814415,25.211463829979856,74.78853617002017,67.30968255505105,15.110132136236347,-15.110132136236373,-13.599118922598933
1768812835.024013,543.044903755188,31.06710849079755,68.93289150920252,62.03960236032047,25.446255048996246,74.55374495100378,67.09837045793651,15.344923355252737,-15.34492335525276,-13.810431019713477
1768812839.016673,547.0375638008118,38.194868290617215,61.80513170938281,55.62461854048932,25.823982472248034,74.17601752775198,66.75841577701026,15.722650778504525,-15.722650778504558,-14.150385700639731
1768812842.9857323,551.0066230297089,31.0129556960765,68.98704430392354,62.08833987556937,26.05659149734463,73.94340850265539,66.54906765442354,15.955259803601122,-15.955259803601152,-14.359733823226449
1768812846.9948862,555.0157768726349,30.731655505211233,69.26834449478879,62.34151004734785,26.280786178096356,73.71921382190367,66.34729244174719,16.179454484352846,-16.179454484352874,-14.561509035902802
1768812850.9556782,558.9765689373016,23.702633030111766,76.29736696988822,68.66763027493094,26.364681277149863,73.63531872285014,66.27178685259909,16.263349583406352,-16.263349583406395,-14.637014625050895
1768812855.2284122,563.24866938591,38.35923429482852,61.640765705171404,55.47668913669931,26.73971696897079,73.26028303102922,65.93425472996063,16.63838527522728,-16.63838527522732,-14.97454674768936
1768812859.573969,567.5948596000671,31.226513857149335,68.7734861428506,61.89613753060401,26.971466430093038,73.02853356990698,65.72568021495078,16.870134736349527,-16.870134736349556,-15.183121262699203
1768812863.8500853,571.8709759712219,31.295434687202174,68.70456531279793,61.83410878355653,27.203171286385814,72.7968287136142,65.51714584428751,17.101839592642307,-17.101839592642335,-15.391655633362475
1768812868.0688612,576.089751958847,31.2934677371614,68.70653226283854,61.83587903859323,27.434018813227162,72.56598118677286,65.3093830701305,17.33268711948365,-17.33268711948368,-15.599418407519494
1768812872.2313662,580.2522568702698,31.57327131979818,68.42672868020175,61.584055814220385,27.670410864309407,72.32958913569061,65.09663022415671,17.5690791705659,-17.569079170565928,-15.812171253493275
1768812876.6210008,584.6418914794922,31.609236254950495,68.39076374504951,61.551687372583324,27.905941414535704,72.09405858546431,64.88465272895324,17.804609720792193,-17.80460972079223,-16.024148748696746
1768812880.7133183,588.734209060669,31.927569290159692,68.07243070984033,61.26518764089534,27.999741652670647,72.00025834732936,64.80023251463189,17.89840995892714,-17.898409958927175,-16.1085689630181
1768812884.9914088,593.0122995376587,32.05230068057695,67.94769931942311,61.152929389519926,28.09521005667828,71.90478994332173,64.71431095102511,17.993878362934772,-17.993878362934808,-16.194490526624875
1768812889.2253168,597.2462074756622,39.059555917048,60.94044408295203,54.84639967670242,28.472702283436597,71.52729771656341,64.37456794694297,18.371370589693086,-18.37137058969313,-16.534233530707013
1768812892.8623252,600.8832159042358,24.33729105530047,75.66270894469946,68.0964380522617,28.556264876376495,71.44373512362353,64.29936161329714,18.454933182632985,-18.454933182633013,-16.60943986435285
1768812896.7519538,604.7728445529938,24.804342763337793,75.19565723666231,67.67609151502853,28.65026502767948,71.34973497232053,64.21476147712454,18.54893333393597,-18.548933333936006,-16.694040000525447
1768812900.8233848,608.8442754745483,32.358307226705,67.64169277329498,60.87752349800496,28.89041478117774,71.10958521882226,63.998626698976324,18.78908308743423,-18.78908308743428,-16.910174778673664
1768812904.9335191,612.9544098377228,40.34083830784769,59.65916169215226,53.69324552498387,29.287778056657594,70.71222194334241,63.64099975104481,19.186446362914083,-19.186446362914126,-17.267801726605178
1768812909.0226011,617.0434918403625,40.33509244050376,59.66490755949616,53.69841680559341,29.545592048934914,70.4544079510651,63.408967157995455,19.444260355191403,-19.444260355191446,-17.499834319654532
1768812913.0724509,621.093341588974,32.47118556967524,67.52881443032476,60.77593298933184,29.779001420471186,70.22099857952882,63.19889872361303,19.67766972672768,-19.677669726727714,-17.70990275403696
1768812917.1624343,625.1833250522614,40.369488350293935,59.63051164970615,53.66746048678228,30.025257950768196,69.97474204923182,62.97726784634596,19.92392625702469,-19.923926257024718,-17.931533631304028
1768812921.1868112,629.207701921463,25.80787483749942,74.19212516250063,66.77291264828396,29.980655355050224,70.01934464494978,63.017410182492085,19.879323661306714,-19.879323661306756,-17.891391295157902
1768812925.258158,633.2780485153198,32.80294532710872,67.19705467289141,60.477349207642014,30.072334411702077,69.92766558829794,62.9348990315055,19.97100271795857,-19.971002717958598,-17.973902446144486
1768812929.2404268,637.2613174915314,33.283218890327646,66.71678110967244,60.04510300074543,30.319980685175004,69.68001931482502,62.71201738538009,20.218648991431493,-20.21864899143152,-18.196784092269894
1768812933.2362852,641.2571759223938,41.22662758808534,58.7733724119147,52.89603517277081,30.576877280106274,69.42312271989375,62.48081044994218,20.475545586362763,-20.475545586362784,-18.427991027707805
1768812937.3275177,645.3484084606171,33.1334350944423,66.86656490555782,60.1799084170421,30.820509972049177,69.17949002795085,62.26154102719381,20.71917827830567,-20.71917827830569,-18.64726045045618
1768812941.4152226,649.436113357544,40.94770472319099,59.052295276809055,53.147065751175475,31.219735745874914,68.78026425412511,61.902237830751,21.118404052131403,-21.118404052131424,-19.00656364689899
1768812945.5132403,653.5341310501099,41.20641252076636,58.7935874792338,52.91422873335788,31.476771470662655,68.52322852933736,61.67090567844227,21.375439776919144,-21.37543977691918,-19.23789579920772
1768812949.6515841,657.672474861145,41.42926143132002,58.57073856868,52.71366471385978,31.87732541698575,68.12267458301429,61.31040712675186,21.775993723242244,-21.77599372324225,-19.598394350898126
1768812953.725024,661.7459146976471,33.76304415653794,66.23695584346211,59.613260261156604,32.12727917061354,67.87272082938648,61.08544874848707,22.02594747687003,-22.02594747687006,-19.82335272916292
1768812957.683483,665.7033739089966,33.69535263788565,66.30464736211447,59.674182627943615,32.22651386299996,67.77348613700006,60.99613752533938,22.125182169256448,-22.125182169256476,-19.91266395231061
1768812961.6059687,669.6268594264984,41.398100912908404,58.60189908709174,52.7417091804302,32.48075701799524,67.51924298200478,60.767318685843854,22.379425324251727,-22.379425324251756,-20.141482791806133
1768812965.565138,673.5860288143158,41.78263461940121,58.21736538059873,52.39562884458704,32.88483402842285,67.11516597157717,60.40364937645938,22.78350233467934,-22.78350233467937,-20.50515210119061
1768812969.5984757,677.6193664073944,34.165312924733946,65.83468707526617,59.25121836978056,32.99160168382914,67.0083983161709,60.30755848659382,22.890269990085628,-22.890269990085642,-20.601242991056168
1768812973.6347394,681.6556301116943,34.432575586089335,65.56742441391059,59.01068197456096,33.24841432185606,66.75158567814395,60.07642711236982,23.14708262811255,-23.147082628112585,-20.832374365280167
1768812977.651718,685.6726086139679,41.86716904867556,58.13283095132461,52.319547858240206,33.49809023476534,66.50190976523467,59.851718790751704,23.396758541021832,-23.396758541021867,-21.057082686898283
1768812981.667396,689.688286781311,42.017691512728746,57.98230848727136,52.18407764059248,33.903616145961344,66.09638385403869,59.48674547067567,23.802284452217833,-23.802284452217847,-21.422056006974316
1768812985.7599676,693.7808582782745,50.69500727723583,49.30499272276433,44.374493452544115,34.15811279908829,65.84188720091174,59.25769848286165,24.056781105344783,-24.056781105344797,-21.65110299478834
1768812989.9563067,697.9771974086761,34.91992727822288,65.08007272177726,58.572065451641215,34.25785246000801,65.74214753999203,59.167932788033994,24.1565207662645,-24.156520766264507,-21.740868689615994
1768812994.061845,702.0827357769012,34.73423503930099,65.26576496069896,58.73918846667075,34.36022048037299,65.63977951962706,59.07580156970562,24.258888786629477,-24.258888786629484,-21.83299990794437
1768812998.396907,706.4177978038788,34.9380812222317,65.06191877776821,58.55572690203329,34.468346784315564,65.53165321568447,58.9784878961574,24.367015090572053,-24.367015090572067,-21.93031358149259
1768813002.9355342,710.9564249515533,35.24062639775333,64.75937360224677,58.28343624406411,34.5745063595193,65.42549364048074,58.882944278474135,24.473174665775787,-24.4731746657758,-22.025857199175853
1768813006.6789606,714.6998512744904,42.957563327056626,57.042436672943424,51.338193007698244,34.68950823617782,65.31049176382221,58.77944258948157,24.58817654243431,-24.588176542434326,-22.12935888816842
